company,contact_name,email,city
Harborview Bank,Camila Kovac,camila.kovac@co.com,Austin
Harborview Bank,Chloe Khan,chloe.khan@acme.com,Mumbai
Cobalt Robotics,Omar Okoro,omar.okoro@co.com,Valencia
Evergreen Farms,Yuki Yusuf,yuki.yusuf@biz.com,Sao Paulo
Quantum Freight,Yuki Rossi,yuki.rossi@mail.com,Malmo
Lumen Media,Nadia Costa,nadia.costa@acme.com,Valencia
Meridian Health,Ravi Yusuf,ravi.yusuf@biz.com,Malmo
Sunrise Textiles,Ethan Berg,ethan.berg@mail.com,Lyon
Sunrise Textiles,Ravi Ferrari,ravi.ferrari@co.com,Mumbai
Quantum Freight,Omar Patel,omar.patel@biz.com,Lagos
Vertex Analytics,Priya Moreno,priya.moreno@mail.com,Malmo
Blue Harbor Foods,Mateo Khan,mateo.khan@acme.com,Denver
Sunrise Textiles,Wei Kovac,wei.kovac@acme.com,Austin
Acme Logistics,Priya Reddy,priya.reddy@co.com,Lagos
Blue Harbor Foods,Aisha Khan,aisha.khan@co.com,Austin
Lumen Media,Marcus Nguyen,marcus.nguyen@co.com,Lyon
Evergreen Farms,Wei Khan,wei.khan@mail.com,Lyon
Quantum Freight,Marcus Dubois,marcus.dubois@co.com,Lagos
Meridian Health,Yuki Rossi,yuki.rossi@mail.com,Sao Paulo
Acme Logistics,Wei Moreno,wei.moreno@biz.com,Sao Paulo
Vertex Analytics,Grace Diallo,grace.diallo@acme.com,Berlin
Lumen Media,Elena Diallo,elena.diallo@corp.com,Berlin
Cobalt Robotics,Amara Haddad,amara.haddad@biz.com,Lyon
Vertex Analytics,Aisha Nguyen,aisha.nguyen@co.com,Lagos
Acme Logistics,Grace Patel,grace.patel@corp.com,Valencia
Lumen Media,Nadia Lindqvist,nadia.lindqvist@co.com,Denver
Vertex Analytics,Ethan Nguyen,ethan.nguyen@mail.com,Sao Paulo
Cobalt Robotics,Fatima Lindqvist,fatima.lindqvist@co.com,Sao Paulo
Vertex Analytics,Noah Rossi,noah.rossi@mail.com,Denver
Ironclad Security,Nadia Haddad,nadia.haddad@biz.com,Leeds
Quantum Freight,Marcus Okoro,marcus.okoro@acme.com,Sao Paulo
Ironclad Security,Camila Tanaka,camila.tanaka@biz.com,Toronto
Cobalt Robotics,Elena Sato,elena.sato@mail.com,Lagos
Evergreen Farms,Chloe Costa,chloe.costa@co.com,Denver
Blue Harbor Foods,Chloe Moreno,chloe.moreno@mail.com,Mumbai
Redwood Ceramics,Chloe Brown,chloe.brown@corp.com,Sao Paulo
Blue Harbor Foods,Grace Kovac,grace.kovac@acme.com,Denver
Meridian Health,Omar Dubois,omar.dubois@co.com,Osaka
Quantum Freight,Camila Ferrari,camila.ferrari@biz.com,Malmo
Vertex Analytics,Chloe Dubois,chloe.dubois@mail.com,Sao Paulo
Meridian Health,Noah Hall,noah.hall@mail.com,Sao Paulo
Cobalt Robotics,Priya Silva,priya.silva@co.com,Berlin
Sunrise Textiles,Priya Dubois,priya.dubois@corp.com,Malmo
Sunrise Textiles,Kenji Rossi,kenji.rossi@biz.com,Leeds
Lumen Media,Fatima Okoro,fatima.okoro@corp.com,Lagos
Quantum Freight,Camila Ferrari,camila.ferrari@co.com,Malmo
Vertex Analytics,Grace Khan,grace.khan@co.com,Lyon
Acme Logistics,Tomas Rossi,tomas.rossi@biz.com,Mumbai
Vertex Analytics,Diego Dubois,diego.dubois@biz.com,Leeds
Acme Logistics,Yuki Silva,yuki.silva@corp.com,Malmo
Blue Harbor Foods,Fatima Lindqvist,fatima.lindqvist@co.com,Berlin
Meridian Health,Camila Sato,camila.sato@corp.com,Lagos
Redwood Ceramics,Diego Bauer,diego.bauer@mail.com,Mumbai
Lumen Media,Diego Patel,diego.patel@co.com,Berlin
Ironclad Security,Omar Berg,omar.berg@biz.com,Leeds
Evergreen Farms,Chloe Larsen,chloe.larsen@co.com,Valencia
Ironclad Security,Omar Hall,omar.hall@co.com,Berlin
Lumen Media,Omar Yusuf,omar.yusuf@co.com,Lagos
Quantum Freight,Amara Lindqvist,amara.lindqvist@corp.com,Austin
Cobalt Robotics,Camila Bauer,camila.bauer@mail.com,Austin
Acme Logistics,Yuki Moreno,yuki.moreno@biz.com,Osaka
Evergreen Farms,Liam Dubois,liam.dubois@acme.com,Mumbai
Quantum Freight,Kenji Sato,kenji.sato@biz.com,Valencia
Vertex Analytics,Priya Silva,priya.silva@co.com,Toronto
Meridian Health,Chloe Larsen,chloe.larsen@corp.com,Berlin
Meridian Health,Lars Rossi,lars.rossi@acme.com,Denver
Blue Harbor Foods,Diego Hall,diego.hall@corp.com,Malmo
Quantum Freight,Nadia Kovac,nadia.kovac@biz.com,Sao Paulo
Cobalt Robotics,Diego Berg,diego.berg@biz.com,Valencia
Sunrise Textiles,Elena Larsen,elena.larsen@mail.com,Leeds
