listing_id,address,city,state,list_price,bedrooms,bathrooms,sqft,property_type,listed_date,listing_description,agent_email,agent_phone
L700000,9537 Oak St,Malmo,OR,"$1,905,000",3,1,"3,342",Condo,2024-07-17,"Comes with two secure parking spaces and a large basement. Steps from the park, cafes and the metro station. Recently renovated kitchen with quartz counters and new appliances.",aisha.costa@mail.com,+1-908-965-3968
L700001,5926 Elm St,Berlin,WA,"$1,100,000",1,3.5,"2,492",Apartment,2024-08-21,Rare corner unit with abundant natural light and storage. Private south-facing garden perfect for entertaining. Quiet tree-lined street in a sought-after school district.,yuki.reddy@acme.com,+1-307-813-6851
L700002,698 Elm St,Sao Paulo,TX,"$2,134,000",3,1.5,"1,047",Condo,2024-06-11,Move-in ready with fresh paint throughout and hardwood floors. Bright open-plan living space with floor-to-ceiling windows. Recently renovated kitchen with quartz counters and new appliances.,priya.berg@acme.com,
L700003,4039 Oak St,Malmo,WA,"$1,073,000",2,1,"2,296",House,2024-07-24,"Steps from the park, cafes and the metro station. Bright open-plan living space with floor-to-ceiling windows. Comes with two secure parking spaces and a large basement.",ethan.khan@corp.com,
L700004,3387 Cedar St,Sao Paulo,TX,"$2,090,000",5,3,"3,966",House,2024-09-02,Move-in ready with fresh paint throughout and hardwood floors. Comes with two secure parking spaces and a large basement. Bright open-plan living space with floor-to-ceiling windows.,marcus.larsen@acme.com,+1-697-208-3286
L700005,396 Oak St,Denver,TX,"$979,000",5,3,"2,501",Condo,2024-06-04,"Private south-facing garden perfect for entertaining. Steps from the park, cafes and the metro station. Bright open-plan living space with floor-to-ceiling windows.",priya.moreno@co.com,+1-925-161-9389
L700006,9764 Cedar St,Sao Paulo,NY,"$502,000",5,3.5,"1,667",Townhouse,2024-08-04,Bright open-plan living space with floor-to-ceiling windows. Private south-facing garden perfect for entertaining. Comes with two secure parking spaces and a large basement.,camila.nguyen@mail.com,+1-661-368-6579
L700007,9007 Elm St,Mumbai,WA,"$1,949,000",2,2,"1,856",Apartment,2024-07-10,Quiet tree-lined street in a sought-after school district. Recently renovated kitchen with quartz counters and new appliances. Bright open-plan living space with floor-to-ceiling windows.,lars.yusuf@corp.com,+1-901-382-3533
L700008,5260 Maple St,Malmo,NY,"$1,959,000",3,3.5,"2,027",Bungalow,2024-09-05,Private south-facing garden perfect for entertaining. Bright open-plan living space with floor-to-ceiling windows. Rare corner unit with abundant natural light and storage.,sofia.lindqvist@co.com,+1-934-811-2523
L700009,2308 Maple St,Austin,NY,"$1,290,000",5,1.5,"1,412",Loft,2024-08-01,Comes with two secure parking spaces and a large basement. Bright open-plan living space with floor-to-ceiling windows. Quiet tree-lined street in a sought-after school district.,ingrid.okoro@co.com,+1-271-509-9326
L700010,2351 Elm St,Berlin,NY,"$665,000",3,2,"2,181",Bungalow,2024-12-13,Bright open-plan living space with floor-to-ceiling windows. Private south-facing garden perfect for entertaining. Recently renovated kitchen with quartz counters and new appliances.,tomas.ferrari@acme.com,+1-528-652-1540
L700011,9932 Cedar St,Lagos,TX,"$241,000",3,1.5,"2,635",Bungalow,2024-08-13,"Private south-facing garden perfect for entertaining. Rare corner unit with abundant natural light and storage. Steps from the park, cafes and the metro station.",yuki.khan@biz.com,
L700012,1543 Maple St,Lagos,CA,"$1,273,000",4,3.5,"2,820",Apartment,2024-05-07,"Comes with two secure parking spaces and a large basement. Steps from the park, cafes and the metro station. Bright open-plan living space with floor-to-ceiling windows.",tomas.dubois@acme.com,+1-452-804-6525
L700013,3733 Elm St,Osaka,TX,"$1,500,000",6,2,"2,601",House,2024-05-20,Recently renovated kitchen with quartz counters and new appliances. Quiet tree-lined street in a sought-after school district. Move-in ready with fresh paint throughout and hardwood floors.,marcus.patel@biz.com,+1-750-877-6086
L700014,344 Maple St,Malmo,CO,"$202,000",4,1.5,"2,307",Loft,2024-08-24,"Comes with two secure parking spaces and a large basement. Steps from the park, cafes and the metro station. Bright open-plan living space with floor-to-ceiling windows.",noah.ferrari@corp.com,+1-673-808-4496
L700015,4432 Elm St,Valencia,TX,"$2,124,000",3,1,"2,847",Apartment,2024-06-19,"Steps from the park, cafes and the metro station. Quiet tree-lined street in a sought-after school district. Recently renovated kitchen with quartz counters and new appliances.",liam.haddad@mail.com,+1-430-487-3801
L700016,8653 Oak St,Denver,CA,"$258,000",1,2.5,"1,749",Townhouse,2024-03-05,"Rare corner unit with abundant natural light and storage. Recently renovated kitchen with quartz counters and new appliances. Steps from the park, cafes and the metro station.",omar.khan@biz.com,+1-944-824-2158
L700017,7732 Birch St,Osaka,CA,"$1,332,000",2,1.5,"1,100",Bungalow,2024-01-25,Recently renovated kitchen with quartz counters and new appliances. Move-in ready with fresh paint throughout and hardwood floors. Private south-facing garden perfect for entertaining.,nadia.hall@mail.com,+1-223-210-5918
L700018,47 Cedar St,Leeds,CA,"$1,390,000",3,3,"1,827",House,2024-07-12,Quiet tree-lined street in a sought-after school district. Recently renovated kitchen with quartz counters and new appliances. Move-in ready with fresh paint throughout and hardwood floors.,yuki.sato@biz.com,+1-806-553-8708
L700019,7688 Maple St,Berlin,WA,"$1,257,000",4,3.5,"3,765",Condo,2024-06-23,"Steps from the park, cafes and the metro station. Move-in ready with fresh paint throughout and hardwood floors. Private south-facing garden perfect for entertaining.",camila.hall@biz.com,+1-384-107-6610
L700020,2549 Oak St,Mumbai,WA,"$1,367,000",1,3.5,"1,953",Apartment,2024-11-26,Move-in ready with fresh paint throughout and hardwood floors. Quiet tree-lined street in a sought-after school district. Bright open-plan living space with floor-to-ceiling windows.,noah.okoro@corp.com,+1-781-879-8827
L700021,8101 Cedar St,Malmo,IL,"$2,164,000",6,3.5,"4,143",Bungalow,2024-08-11,Quiet tree-lined street in a sought-after school district. Comes with two secure parking spaces and a large basement. Move-in ready with fresh paint throughout and hardwood floors.,priya.moreno@biz.com,+1-205-811-2755
L700022,9907 Birch St,Austin,OR,"$1,342,000",5,1,"4,130",Loft,2024-04-12,Rare corner unit with abundant natural light and storage. Move-in ready with fresh paint throughout and hardwood floors. Bright open-plan living space with floor-to-ceiling windows.,noah.moreno@biz.com,
L700023,3566 Birch St,Malmo,WA,"$2,287,000",3,2.5,"3,776",Townhouse,2024-07-16,Quiet tree-lined street in a sought-after school district. Move-in ready with fresh paint throughout and hardwood floors. Recently renovated kitchen with quartz counters and new appliances.,mateo.hall@corp.com,+1-989-142-7244
L700024,5354 Cedar St,Valencia,CO,"$978,000",3,2.5,"2,878",Bungalow,2024-12-04,Private south-facing garden perfect for entertaining. Recently renovated kitchen with quartz counters and new appliances. Bright open-plan living space with floor-to-ceiling windows.,fatima.ferrari@mail.com,+1-221-637-2244
L700025,7988 Elm St,Lagos,WA,"$1,182,000",3,2.5,"1,662",Condo,2024-06-05,Rare corner unit with abundant natural light and storage. Recently renovated kitchen with quartz counters and new appliances. Move-in ready with fresh paint throughout and hardwood floors.,ethan.diallo@acme.com,+1-387-181-9327
L700026,6258 Elm St,Sao Paulo,OR,"$1,206,000",1,3,"3,110",Loft,2024-08-24,"Steps from the park, cafes and the metro station. Bright open-plan living space with floor-to-ceiling windows. Comes with two secure parking spaces and a large basement.",omar.hall@co.com,+1-487-289-1787
L700027,9860 Cedar St,Leeds,NY,"$1,718,000",2,1,"2,878",Apartment,2024-09-23,Rare corner unit with abundant natural light and storage. Move-in ready with fresh paint throughout and hardwood floors. Private south-facing garden perfect for entertaining.,yuki.bauer@biz.com,+1-208-639-7874
L700028,3882 Elm St,Valencia,NY,"$219,000",5,1.5,"2,168",Loft,2024-03-16,"Quiet tree-lined street in a sought-after school district. Steps from the park, cafes and the metro station. Recently renovated kitchen with quartz counters and new appliances.",diego.brown@mail.com,+1-309-138-2746
L700029,2818 Elm St,Mumbai,CA,"$1,707,000",1,3.5,"1,776",Condo,2024-11-18,"Steps from the park, cafes and the metro station. Comes with two secure parking spaces and a large basement. Bright open-plan living space with floor-to-ceiling windows.",yuki.dubois@biz.com,
L700030,5498 Oak St,Mumbai,NY,"$583,000",2,2.5,"2,157",Bungalow,2024-01-03,Move-in ready with fresh paint throughout and hardwood floors. Bright open-plan living space with floor-to-ceiling windows. Comes with two secure parking spaces and a large basement.,liam.sato@biz.com,+1-798-423-9370
L700031,4932 Elm St,Valencia,CO,"$2,371,000",3,2,"1,857",Townhouse,2024-07-07,"Recently renovated kitchen with quartz counters and new appliances. Steps from the park, cafes and the metro station. Move-in ready with fresh paint throughout and hardwood floors.",ravi.diallo@corp.com,+1-864-588-4614
L700032,3991 Oak St,Valencia,WA,"$948,000",2,3.5,"3,076",Bungalow,2024-04-16,"Quiet tree-lined street in a sought-after school district. Private south-facing garden perfect for entertaining. Steps from the park, cafes and the metro station.",fatima.berg@mail.com,+1-486-503-8491
L700033,8029 Oak St,Lagos,IL,"$980,000",6,2,"2,627",Townhouse,2024-10-02,Quiet tree-lined street in a sought-after school district. Move-in ready with fresh paint throughout and hardwood floors. Rare corner unit with abundant natural light and storage.,camila.larsen@co.com,+1-607-920-9173
L700034,4111 Cedar St,Valencia,CO,"$381,000",6,1.5,"2,501",Condo,2024-02-18,Recently renovated kitchen with quartz counters and new appliances. Bright open-plan living space with floor-to-ceiling windows. Private south-facing garden perfect for entertaining.,grace.reddy@acme.com,+1-902-581-8473
L700035,5265 Maple St,Toronto,OR,"$540,000",4,3.5,896,Bungalow,2024-05-15,Bright open-plan living space with floor-to-ceiling windows. Private south-facing garden perfect for entertaining. Move-in ready with fresh paint throughout and hardwood floors.,kenji.berg@co.com,+1-216-335-4093
L700036,2040 Birch St,Valencia,CO,"$652,000",6,1.5,"3,030",Bungalow,2024-10-02,"Recently renovated kitchen with quartz counters and new appliances. Steps from the park, cafes and the metro station. Comes with two secure parking spaces and a large basement.",priya.rossi@biz.com,
L700037,5171 Elm St,Lyon,WA,"$2,253,000",1,3,"3,573",Condo,2024-06-03,Bright open-plan living space with floor-to-ceiling windows. Comes with two secure parking spaces and a large basement. Recently renovated kitchen with quartz counters and new appliances.,priya.costa@biz.com,
L700038,1177 Oak St,Osaka,CO,"$2,158,000",2,3,"3,431",Loft,2024-02-11,Rare corner unit with abundant natural light and storage. Bright open-plan living space with floor-to-ceiling windows. Private south-facing garden perfect for entertaining.,chloe.sato@biz.com,+1-335-488-1827
L700039,3345 Birch St,Osaka,NY,"$1,446,000",2,2,"3,174",House,2024-12-03,Rare corner unit with abundant natural light and storage. Private south-facing garden perfect for entertaining. Bright open-plan living space with floor-to-ceiling windows.,liam.bauer@mail.com,+1-490-397-3346
L700040,9768 Oak St,Denver,TX,"$487,000",6,1.5,"2,918",Apartment,2024-05-12,"Rare corner unit with abundant natural light and storage. Bright open-plan living space with floor-to-ceiling windows. Steps from the park, cafes and the metro station.",chloe.bauer@co.com,+1-489-208-7163
L700041,381 Elm St,Osaka,NY,"$569,000",4,1,"1,733",Loft,2024-02-11,Rare corner unit with abundant natural light and storage. Quiet tree-lined street in a sought-after school district. Recently renovated kitchen with quartz counters and new appliances.,kenji.larsen@biz.com,+1-221-286-7988
L700042,9886 Cedar St,Austin,CA,"$1,408,000",6,1,"3,131",Bungalow,2024-03-21,Private south-facing garden perfect for entertaining. Recently renovated kitchen with quartz counters and new appliances. Comes with two secure parking spaces and a large basement.,mateo.brown@acme.com,+1-522-272-2496
L700043,6683 Elm St,Valencia,IL,"$2,046,000",1,2,"3,750",Bungalow,2024-08-19,Private south-facing garden perfect for entertaining. Recently renovated kitchen with quartz counters and new appliances. Move-in ready with fresh paint throughout and hardwood floors.,lars.bauer@co.com,+1-758-983-1718
L700044,6976 Oak St,Osaka,CO,"$1,601,000",2,2.5,532,Townhouse,2024-12-03,Comes with two secure parking spaces and a large basement. Private south-facing garden perfect for entertaining. Rare corner unit with abundant natural light and storage.,liam.ferrari@acme.com,+1-899-722-2292
L700045,5920 Maple St,Malmo,CO,"$636,000",2,1.5,"4,200",Bungalow,2024-11-24,Private south-facing garden perfect for entertaining. Quiet tree-lined street in a sought-after school district. Move-in ready with fresh paint throughout and hardwood floors.,liam.tanaka@co.com,+1-635-812-2370
L700046,2118 Cedar St,Berlin,NY,"$2,048,000",2,3,"2,423",Loft,2024-02-11,Bright open-plan living space with floor-to-ceiling windows. Recently renovated kitchen with quartz counters and new appliances. Quiet tree-lined street in a sought-after school district.,diego.lindqvist@acme.com,+1-351-746-9640
L700047,8500 Birch St,Lagos,IL,"$938,000",5,2.5,"2,103",Loft,2024-11-08,Move-in ready with fresh paint throughout and hardwood floors. Quiet tree-lined street in a sought-after school district. Bright open-plan living space with floor-to-ceiling windows.,elena.ferrari@co.com,+1-689-637-9409
L700048,7456 Cedar St,Lagos,WA,"$2,199,000",1,2.5,812,Townhouse,2024-06-07,Move-in ready with fresh paint throughout and hardwood floors. Recently renovated kitchen with quartz counters and new appliances. Bright open-plan living space with floor-to-ceiling windows.,aisha.tanaka@mail.com,+1-525-455-9536
L700049,3191 Cedar St,Leeds,IL,"$357,000",5,1.5,"3,352",Bungalow,2024-08-05,Rare corner unit with abundant natural light and storage. Comes with two secure parking spaces and a large basement. Bright open-plan living space with floor-to-ceiling windows.,chloe.dubois@co.com,+1-256-877-5518
L700050,9768 Cedar St,Berlin,CA,"$1,554,000",1,2,"2,191",Bungalow,2024-06-26,Move-in ready with fresh paint throughout and hardwood floors. Comes with two secure parking spaces and a large basement. Bright open-plan living space with floor-to-ceiling windows.,mateo.dubois@corp.com,
L700051,415 Cedar St,Leeds,IL,"$2,069,000",1,3,"3,922",Apartment,2024-10-14,Move-in ready with fresh paint throughout and hardwood floors. Quiet tree-lined street in a sought-after school district. Private south-facing garden perfect for entertaining.,noah.berg@biz.com,+1-625-984-3491
L700052,9235 Maple St,Leeds,IL,"$387,000",2,3.5,"3,304",House,2024-05-24,Move-in ready with fresh paint throughout and hardwood floors. Comes with two secure parking spaces and a large basement. Private south-facing garden perfect for entertaining.,wei.yusuf@acme.com,+1-953-757-7071
L700053,4290 Elm St,Osaka,NY,"$1,067,000",4,3,"3,994",House,2024-03-06,Private south-facing garden perfect for entertaining. Bright open-plan living space with floor-to-ceiling windows. Rare corner unit with abundant natural light and storage.,yuki.khan@co.com,+1-835-597-7483
L700054,1399 Elm St,Lyon,CA,"$834,000",5,2,"1,035",Apartment,2024-10-05,"Rare corner unit with abundant natural light and storage. Steps from the park, cafes and the metro station. Move-in ready with fresh paint throughout and hardwood floors.",ethan.costa@biz.com,+1-283-679-4265
L700055,4555 Cedar St,Toronto,IL,"$1,447,000",1,2,"4,130",Loft,2024-11-04,Bright open-plan living space with floor-to-ceiling windows. Quiet tree-lined street in a sought-after school district. Move-in ready with fresh paint throughout and hardwood floors.,ravi.diallo@biz.com,+1-831-515-8285
L700056,1425 Oak St,Lyon,TX,"$972,000",2,1,"2,138",Apartment,2024-04-27,Bright open-plan living space with floor-to-ceiling windows. Recently renovated kitchen with quartz counters and new appliances. Quiet tree-lined street in a sought-after school district.,wei.khan@corp.com,
L700057,4203 Elm St,Lagos,NY,"$1,886,000",5,3.5,"1,221",Condo,2024-11-12,Comes with two secure parking spaces and a large basement. Private south-facing garden perfect for entertaining. Move-in ready with fresh paint throughout and hardwood floors.,omar.kovac@corp.com,+1-978-539-5310
L700058,916 Maple St,Lyon,IL,"$374,000",2,2.5,"2,401",Loft,2024-01-12,Recently renovated kitchen with quartz counters and new appliances. Comes with two secure parking spaces and a large basement. Move-in ready with fresh paint throughout and hardwood floors.,chloe.patel@corp.com,
L700059,3184 Elm St,Denver,NY,"$1,486,000",1,2,"1,298",Apartment,2024-10-22,Move-in ready with fresh paint throughout and hardwood floors. Quiet tree-lined street in a sought-after school district. Rare corner unit with abundant natural light and storage.,mateo.costa@mail.com,+1-778-806-4904
L700060,5624 Elm St,Toronto,OR,"$2,036,000",1,3.5,"3,490",Condo,2024-08-23,"Recently renovated kitchen with quartz counters and new appliances. Steps from the park, cafes and the metro station. Quiet tree-lined street in a sought-after school district.",priya.diallo@corp.com,+1-630-375-9601
L700061,7005 Elm St,Denver,CA,"$1,585,000",2,2,"3,224",Bungalow,2024-08-16,Comes with two secure parking spaces and a large basement. Quiet tree-lined street in a sought-after school district. Bright open-plan living space with floor-to-ceiling windows.,wei.reddy@corp.com,+1-224-866-7631
L700062,9177 Oak St,Mumbai,WA,"$2,365,000",4,1,642,House,2024-03-04,Private south-facing garden perfect for entertaining. Comes with two secure parking spaces and a large basement. Quiet tree-lined street in a sought-after school district.,mateo.dubois@biz.com,+1-496-550-3805
L700063,210 Elm St,Berlin,NY,"$221,000",3,1,"1,972",Bungalow,2024-08-12,Recently renovated kitchen with quartz counters and new appliances. Bright open-plan living space with floor-to-ceiling windows. Private south-facing garden perfect for entertaining.,nadia.rossi@acme.com,+1-839-936-5219
L700064,6157 Oak St,Malmo,TX,"$462,000",2,2,"1,378",Condo,2024-07-25,Rare corner unit with abundant natural light and storage. Move-in ready with fresh paint throughout and hardwood floors. Comes with two secure parking spaces and a large basement.,sofia.larsen@acme.com,+1-241-947-3091
L700065,6836 Cedar St,Mumbai,CA,"$2,351,000",3,2,"3,257",Loft,2024-07-13,"Move-in ready with fresh paint throughout and hardwood floors. Steps from the park, cafes and the metro station. Recently renovated kitchen with quartz counters and new appliances.",kenji.kovac@co.com,+1-909-990-8260
L700066,5990 Birch St,Leeds,TX,"$904,000",4,3,"2,304",Condo,2024-06-17,"Steps from the park, cafes and the metro station. Private south-facing garden perfect for entertaining. Quiet tree-lined street in a sought-after school district.",ingrid.dubois@mail.com,+1-405-664-2439
L700067,3649 Birch St,Lagos,IL,"$726,000",2,1,"3,886",Bungalow,2024-11-21,"Bright open-plan living space with floor-to-ceiling windows. Steps from the park, cafes and the metro station. Quiet tree-lined street in a sought-after school district.",wei.silva@corp.com,+1-739-825-6249
L700068,1997 Oak St,Lagos,TX,"$243,000",4,3.5,"3,254",Townhouse,2024-10-17,"Private south-facing garden perfect for entertaining. Bright open-plan living space with floor-to-ceiling windows. Steps from the park, cafes and the metro station.",chloe.yusuf@corp.com,+1-554-708-8634
L700069,7757 Elm St,Mumbai,WA,"$1,630,000",3,3,"3,243",Townhouse,2024-07-01,Recently renovated kitchen with quartz counters and new appliances. Comes with two secure parking spaces and a large basement. Bright open-plan living space with floor-to-ceiling windows.,marcus.okoro@biz.com,+1-688-579-8232
L700070,10 Elm St,Austin,WA,"$1,497,000",6,2.5,722,Loft,2024-09-08,Private south-facing garden perfect for entertaining. Move-in ready with fresh paint throughout and hardwood floors. Recently renovated kitchen with quartz counters and new appliances.,kenji.lindqvist@biz.com,+1-295-402-2683
L700071,497 Cedar St,Mumbai,CO,"$2,103,000",2,1,"3,211",Loft,2024-01-28,Comes with two secure parking spaces and a large basement. Move-in ready with fresh paint throughout and hardwood floors. Private south-facing garden perfect for entertaining.,tomas.kovac@co.com,+1-635-209-2354
L700072,8125 Elm St,Valencia,NY,"$521,000",4,3.5,602,Apartment,2024-03-13,Rare corner unit with abundant natural light and storage. Comes with two secure parking spaces and a large basement. Quiet tree-lined street in a sought-after school district.,noah.sato@corp.com,+1-717-572-9752
L700073,2968 Maple St,Valencia,CA,"$2,327,000",3,3.5,"3,062",Apartment,2024-09-02,Move-in ready with fresh paint throughout and hardwood floors. Rare corner unit with abundant natural light and storage. Recently renovated kitchen with quartz counters and new appliances.,marcus.okoro@co.com,+1-587-271-2542
L700074,1906 Elm St,Berlin,CO,"$800,000",6,2,"1,840",Bungalow,2024-04-05,Private south-facing garden perfect for entertaining. Bright open-plan living space with floor-to-ceiling windows. Comes with two secure parking spaces and a large basement.,diego.larsen@biz.com,
L700075,1111 Maple St,Sao Paulo,CA,"$680,000",5,3.5,813,House,2024-12-09,Rare corner unit with abundant natural light and storage. Bright open-plan living space with floor-to-ceiling windows. Quiet tree-lined street in a sought-after school district.,wei.lindqvist@co.com,+1-449-397-2004
L700076,8387 Oak St,Malmo,TX,"$1,721,000",1,1.5,"3,692",Bungalow,2024-05-18,Rare corner unit with abundant natural light and storage. Private south-facing garden perfect for entertaining. Recently renovated kitchen with quartz counters and new appliances.,ethan.ferrari@biz.com,+1-377-601-7347
L700077,7113 Maple St,Sao Paulo,TX,"$1,900,000",6,1.5,"1,743",Bungalow,2024-05-17,"Rare corner unit with abundant natural light and storage. Steps from the park, cafes and the metro station. Quiet tree-lined street in a sought-after school district.",omar.bauer@corp.com,+1-529-942-7090
L700078,422 Elm St,Toronto,CO,"$2,341,000",2,3.5,"4,171",Condo,2024-09-13,Quiet tree-lined street in a sought-after school district. Bright open-plan living space with floor-to-ceiling windows. Comes with two secure parking spaces and a large basement.,priya.larsen@biz.com,+1-969-455-6181
L700079,1803 Birch St,Lagos,TX,"$1,118,000",2,3,"2,193",Loft,2024-08-25,"Steps from the park, cafes and the metro station. Comes with two secure parking spaces and a large basement. Quiet tree-lined street in a sought-after school district.",mateo.larsen@acme.com,
L700080,2187 Cedar St,Lagos,TX,"$1,741,000",6,3.5,"2,827",Loft,2024-12-28,Rare corner unit with abundant natural light and storage. Recently renovated kitchen with quartz counters and new appliances. Comes with two secure parking spaces and a large basement.,camila.sato@mail.com,+1-572-557-6332
L700081,8598 Elm St,Sao Paulo,CO,"$264,000",1,3,994,Loft,2024-12-18,Bright open-plan living space with floor-to-ceiling windows. Move-in ready with fresh paint throughout and hardwood floors. Quiet tree-lined street in a sought-after school district.,ingrid.larsen@co.com,+1-639-424-4082
L700082,7111 Cedar St,Sao Paulo,WA,"$2,297,000",1,3.5,"1,966",Loft,2024-06-24,Comes with two secure parking spaces and a large basement. Private south-facing garden perfect for entertaining. Recently renovated kitchen with quartz counters and new appliances.,yuki.dubois@biz.com,
L700083,3971 Maple St,Mumbai,CO,"$1,335,000",3,3,"2,648",Apartment,2024-01-27,Quiet tree-lined street in a sought-after school district. Private south-facing garden perfect for entertaining. Rare corner unit with abundant natural light and storage.,fatima.yusuf@corp.com,+1-517-414-4004
L700084,1150 Maple St,Sao Paulo,OR,"$1,608,000",4,1,"3,604",Condo,2024-12-25,Move-in ready with fresh paint throughout and hardwood floors. Comes with two secure parking spaces and a large basement. Private south-facing garden perfect for entertaining.,priya.moreno@corp.com,+1-349-537-4773
L700085,3921 Maple St,Austin,IL,"$829,000",5,3.5,"2,453",House,2024-04-24,Quiet tree-lined street in a sought-after school district. Private south-facing garden perfect for entertaining. Comes with two secure parking spaces and a large basement.,tomas.yusuf@acme.com,+1-909-991-4574
L700086,1753 Maple St,Toronto,TX,"$2,194,000",2,3,"1,479",House,2024-08-15,"Steps from the park, cafes and the metro station. Comes with two secure parking spaces and a large basement. Recently renovated kitchen with quartz counters and new appliances.",yuki.moreno@acme.com,+1-949-816-1305
L700087,6616 Cedar St,Lagos,WA,"$2,157,000",2,1.5,544,Apartment,2024-06-12,"Private south-facing garden perfect for entertaining. Quiet tree-lined street in a sought-after school district. Steps from the park, cafes and the metro station.",elena.moreno@biz.com,
L700088,6830 Maple St,Sao Paulo,CA,"$1,105,000",2,2.5,"3,144",Bungalow,2024-09-17,Move-in ready with fresh paint throughout and hardwood floors. Recently renovated kitchen with quartz counters and new appliances. Comes with two secure parking spaces and a large basement.,wei.bauer@acme.com,+1-425-649-8377
L700089,2787 Maple St,Denver,OR,"$879,000",5,2.5,"2,337",Apartment,2024-04-20,"Steps from the park, cafes and the metro station. Comes with two secure parking spaces and a large basement. Move-in ready with fresh paint throughout and hardwood floors.",marcus.ferrari@biz.com,+1-579-130-1702
L700090,2671 Oak St,Lagos,WA,"$805,000",1,1.5,"1,896",House,2024-04-06,Comes with two secure parking spaces and a large basement. Rare corner unit with abundant natural light and storage. Recently renovated kitchen with quartz counters and new appliances.,grace.moreno@acme.com,+1-390-832-9985
L700091,5449 Oak St,Osaka,TX,"$1,065,000",3,2,"4,169",Apartment,2024-11-22,"Steps from the park, cafes and the metro station. Rare corner unit with abundant natural light and storage. Quiet tree-lined street in a sought-after school district.",diego.moreno@corp.com,+1-976-418-5380
L700092,8741 Birch St,Berlin,NY,"$1,886,000",3,3.5,"1,513",House,2024-01-26,"Comes with two secure parking spaces and a large basement. Rare corner unit with abundant natural light and storage. Steps from the park, cafes and the metro station.",aisha.dubois@biz.com,+1-333-600-5838
L700093,9164 Elm St,Mumbai,WA,"$1,192,000",6,3.5,"2,182",Apartment,2024-06-20,Quiet tree-lined street in a sought-after school district. Comes with two secure parking spaces and a large basement. Private south-facing garden perfect for entertaining.,sofia.lindqvist@acme.com,+1-512-797-2542
L700094,6223 Elm St,Osaka,CO,"$2,210,000",5,3.5,"1,673",Condo,2024-10-26,Rare corner unit with abundant natural light and storage. Bright open-plan living space with floor-to-ceiling windows. Comes with two secure parking spaces and a large basement.,liam.tanaka@co.com,+1-817-705-7455
L700095,7120 Maple St,Valencia,WA,"$629,000",6,2.5,"4,141",Loft,2024-09-12,Move-in ready with fresh paint throughout and hardwood floors. Comes with two secure parking spaces and a large basement. Bright open-plan living space with floor-to-ceiling windows.,mateo.haddad@co.com,+1-636-732-9861
L700096,414 Elm St,Leeds,IL,"$963,000",6,1.5,"2,798",Condo,2024-03-11,Quiet tree-lined street in a sought-after school district. Comes with two secure parking spaces and a large basement. Bright open-plan living space with floor-to-ceiling windows.,tomas.dubois@biz.com,+1-352-352-7214
L700097,755 Cedar St,Toronto,OR,"$1,619,000",6,2.5,"2,897",Townhouse,2024-06-10,"Move-in ready with fresh paint throughout and hardwood floors. Steps from the park, cafes and the metro station. Quiet tree-lined street in a sought-after school district.",elena.lindqvist@mail.com,
L700098,252 Cedar St,Denver,CA,"$559,000",5,3,"1,861",Bungalow,2024-09-02,Bright open-plan living space with floor-to-ceiling windows. Comes with two secure parking spaces and a large basement. Rare corner unit with abundant natural light and storage.,wei.lindqvist@mail.com,
L700099,6985 Elm St,Berlin,TX,"$2,098,000",1,1,713,Loft,2024-11-15,"Move-in ready with fresh paint throughout and hardwood floors. Steps from the park, cafes and the metro station. Recently renovated kitchen with quartz counters and new appliances.",tomas.ferrari@co.com,+1-319-380-3181
L700100,7537 Birch St,Lyon,WA,"$1,575,000",4,2,"1,165",Condo,2024-05-19,"Private south-facing garden perfect for entertaining. Steps from the park, cafes and the metro station. Recently renovated kitchen with quartz counters and new appliances.",elena.diallo@acme.com,+1-783-543-5945
L700101,9811 Elm St,Mumbai,CA,"$1,327,000",5,2.5,"2,613",Condo,2024-11-10,"Private south-facing garden perfect for entertaining. Steps from the park, cafes and the metro station. Move-in ready with fresh paint throughout and hardwood floors.",mateo.tanaka@acme.com,+1-546-287-2668
L700102,6583 Cedar St,Sao Paulo,OR,"$1,689,000",5,1,"3,775",Apartment,2024-10-18,Bright open-plan living space with floor-to-ceiling windows. Recently renovated kitchen with quartz counters and new appliances. Private south-facing garden perfect for entertaining.,elena.khan@biz.com,+1-226-296-8689
L700103,7742 Maple St,Malmo,OR,"$2,052,000",2,1,"2,407",Condo,2024-02-18,Quiet tree-lined street in a sought-after school district. Comes with two secure parking spaces and a large basement. Bright open-plan living space with floor-to-ceiling windows.,aisha.costa@corp.com,+1-899-331-6215
L700104,5504 Cedar St,Austin,WA,"$572,000",5,1.5,"2,936",Condo,2024-06-18,Rare corner unit with abundant natural light and storage. Recently renovated kitchen with quartz counters and new appliances. Private south-facing garden perfect for entertaining.,mateo.kovac@biz.com,+1-546-921-6218
L700105,3127 Elm St,Berlin,CO,"$1,909,000",3,2,"1,432",Loft,2024-02-03,"Bright open-plan living space with floor-to-ceiling windows. Recently renovated kitchen with quartz counters and new appliances. Steps from the park, cafes and the metro station.",ethan.moreno@mail.com,+1-484-404-2046
L700106,8624 Birch St,Valencia,WA,"$227,000",5,2.5,"3,814",Bungalow,2024-09-21,Move-in ready with fresh paint throughout and hardwood floors. Bright open-plan living space with floor-to-ceiling windows. Recently renovated kitchen with quartz counters and new appliances.,diego.reddy@corp.com,+1-335-191-2126
L700107,6810 Oak St,Valencia,CA,"$1,168,000",5,2.5,"1,669",Loft,2024-01-14,Private south-facing garden perfect for entertaining. Move-in ready with fresh paint throughout and hardwood floors. Comes with two secure parking spaces and a large basement.,liam.costa@acme.com,
L700108,3671 Cedar St,Austin,CO,"$2,014,000",1,2,"3,207",Townhouse,2024-01-28,"Rare corner unit with abundant natural light and storage. Steps from the park, cafes and the metro station. Quiet tree-lined street in a sought-after school district.",amara.brown@mail.com,+1-896-812-5088
L700109,3697 Maple St,Lyon,CA,"$2,343,000",3,3,"3,020",House,2024-03-04,"Quiet tree-lined street in a sought-after school district. Steps from the park, cafes and the metro station. Rare corner unit with abundant natural light and storage.",yuki.rossi@co.com,
